sample	k	min_hom	max_hom	min_het	max_het	min_hap_len	max_hap_len	min_rep_len	max_rep_len	min_uniq_len	max_uniq_len	min_model_fit	max_model_fit	min_read_error_rate	max_read_error_rate	reads_pairs_raw	nucleotides_raw	reads_pairs_trimmed	nucleotides_trimmed	reads_unpaired_trimmed	nucleotides_unpaired_trimmed	unclassified	Homo sapiens	Bacteria
CyaneaCapillataLEM1	21	97.3098	97.3502	2.64985	2.69015	221218308	221778113	94827460	95067426	126390847	126710686	66.4046	97.9677	0.537488	0.537488	85132966	25710155732	85119961	25602829038	1174	160651	98.42	0.79	0.52
CyaneaCapillataLEM2	21	97.3258	97.3635	2.63645	2.67416	215747690	216197855	88347936	88532277	127399753	127665577	68.5409	97.7098	0.515537	0.515537	104305970	31500402940	104288398	31357382866	1496	206260	98.32	0.81	0.54
CyaneaCapillataLEM6	21	97.3088	97.3443	2.65568	2.69119	208361142	208846736	81953084	82144079	126408058	126702657	67.4042	96.7239	0.477237	0.477237	92284207	27869830514	92269629	27744157054	1391	194643	98.04	0.97	0.6
CyaneaCapillataLM137	21	97.2524	97.3022	2.69779	2.74762	208408092	209703730	87148516	87690303	121259576	122013427	66.0952	97.6449	0.219637	0.219637	50935503	15382521906	49983716	13710628543	10342	520854	97.14	1.3	0.92
CyaneaFulvaLMD324	21	0.0	100.0	0.0	100.0	17712523	Inf	5555949	Inf	12156574	Inf	60.419	10.583	0.313364	0.313364	110826707	33469665514	110070952	31423005151	7954	400876	95.89	2.15	1.31
CyaneaFulvaLMD524	21	99.4119	100.0	0.0	0.588104	294347411	369429976	162054501	203391599	132292909	166038377	68.0202	94.2294	0.155254	0.155254	111073945	33544331390	110179738	31089553594	9904	499092	97.5	1.17	0.76
