sample	k	min_hom	max_hom	min_het	max_het	min_hap_len	max_hap_len	min_rep_len	max_rep_len	min_uniq_len	max_uniq_len	min_model_fit	max_model_fit	min_read_error_rate	max_read_error_rate	reads_pairs_raw	nucleotides_raw	reads_pairs_trimmed	nucleotides_trimmed	reads_unpaired_trimmed	nucleotides_unpaired_trimmed	unclassified	Bacteria	Homo sapiens
ChrysaoraLMD429	21	97.3375	97.396	2.60395	2.66248	213732432	214879073	87733424	88204101	125999007	126674972	66.7959	98.1784	0.402473	0.402473	39179786	11832295372	39068878	11484264080	1401	110730	96.92	1.41	1.06
ChrysaoraLM138	21	96.6752	96.7192	3.28077	3.32483	243275724	244328944	90644691	91037121	152631033	153291822	71.4699	97.8813	0.225099	0.225099	72890668	22012981736	71193480	18222841226	22085	1112605	95.11	0.58	3.27
AureliaLEM1529	21	80.6947	99.4174	0.58264	19.3053	232479039	236757983	140316652	142899280	92162388	93858702	41.5122	85.5757	1.55902	1.55902	60712151	18335069602	60602602	17988605558	1871	176958	96.26	2.17	1.1
